{
  "0day": {
    "anime_extra": "",
    "anime_keywords": "{title:original}",
    "anime_query": "",
    "base_url": "https://tracker.0day.kiev.ua/browse.php?c10=1&c11=1&c29=1&c34=1&c20=1&c12=1&c13=1&c21=1&c15=1&c16=1&c27=1&c28=1&c41=1&c19=1&c30=1&c23=1&search=QUERYEXTRA&incldead=0&where=0&sort=7&type=desc",
    "color": "FFFFFFFF",
    "general_extra": "",
    "general_keywords": "{title:original}",
    "general_query": "",
    "language": "en",
    "login_failed": "Ошибка входа",
    "login_object": "{'username': USERNAME, 'password': PASSWORD, 'returnto': '/browse.php'}",
    "login_path": "/takelogin.php",
    "movie_extra": "",
    "movie_keywords": "{title:original} {year}",
    "movie_query": "",
    "name": "0day",
    "parser": {
      "infohash": "",
      "name": "item(tag='a', order=2)",
      "peers": "item(tag='td', order=6, divider=('|', 1))",
      "row": "find_all('tr', ('class', ['rowtorrentinfo']))",
      "seeds": "item(tag='td', order=6, divider=('|', 0))",
      "size": "item(tag='td', order=4)",
      "torrent": "'https://tracker.0day.kiev.ua/%s' % item(tag='a', attribute='href', order=3)"
    },
    "private": true,
    "root_url": "https://tracker.0day.kiev.ua",
    "season_extra": "",
    "season_extra2": "",
    "season_keywords": "{title:original} Сезон {season}",
    "season_keywords2": "{title:original} S{season:2}",
    "season_query": "",
    "separator": "+",
    "show_query": "",
    "subpage": false,
    "tv_extra": "",
    "tv_extra2": "",
    "tv_keywords": "{title:original} s{season:2}e{episode:2}",
    "tv_keywords2": "{title:original} Сезон {season}"
  },
  "3dtrackerru": {
    "anime_extra": "",
    "anime_keywords": "{title}",
    "anime_query": "",
    "base_url": "http://3d-tracker.ru/search.php?tracker_search=tracker&keywords=QUERYEXTRA&terms=all&author=&sc=1&sf=titleonly&sk=ts&sd=d&sr=topics&st=0&ch=300&t=0&submit=%D0%9F%D0%BE%D0%B8%D1%81%D0%BA",
    "color": "FFFFFFFF",
    "general_extra": "",
    "general_keywords": "{title}",
    "general_query": "",
    "language": null,
    "login_failed": "Регистрация",
    "login_object": "{'username': USERNAME, 'password': PASSWORD, 'login': u'Вход'}",
    "login_path": "/ucp.php?mode=login",
    "movie_extra": "",
    "movie_keywords": "{title} {year}",
    "movie_query": "",
    "name": "3d-tracker.ru",
    "parser": {
      "infohash": "",
      "name": "item(tag='a', select=('class', 'nav'), order=1)",
      "peers": "item(tag='a', select=('class', 'leech'), order=1)",
      "row": "find_once('table', ('class', 'tablebg'), order=1).find_all('tr', select=('valign', 'middle'), start=1)",
      "seeds": "item(tag='a', select=('class', 'seed'), order=1)",
      "size": "item(tag='b', order=5)",
      "torrent": "'http://3d-tracker.ru%s' % (item(tag='a', attribute='href', order=1)[1:])"
    },
    "private": true,
    "root_url": "http://3d-tracker.ru/",
    "season_extra": "",
    "season_extra2": "",
    "season_keywords": "",
    "season_keywords2": "",
    "season_query": "",
    "separator": "+",
    "show_query": "",
    "subpage": false,
    "tv_extra": "",
    "tv_extra2": "",
    "tv_keywords": "",
    "tv_keywords2": ""
  },
  "baibako": {
    "anime_extra": "",
    "anime_keywords": "",
    "anime_query": "",
    "base_url": "http://baibako.tv/browse.php?search=QUERYEXTRA&incldead=0&cat=0&videoformat=0&sort=7&type=desc",
    "color": "FFFFFFFF",
    "general_extra": "",
    "general_keywords": "{title:original}",
    "general_query": "",
    "language": null,
    "login_failed": "Пустите",
    "login_object": "{'username': USERNAME, 'password': PASSWORD, 'commit': u'Пустите меня'}",
    "login_path": "/takelogin.php",
    "movie_extra": "",
    "movie_keywords": "",
    "movie_query": "",
    "name": "BaibaKo.TV",
    "parser": {
      "infohash": "",
      "name": "item(tag='a', order=2)",
      "peers": "item(tag='td', order=7, divider=('|', 1))",
      "row": "find_once('tbody', ('id', 'highlighted'), order=1).find_all('tr', start=1)",
      "seeds": "item(tag='td', order=7, divider=('|', 0))",
      "size": "item(tag='td', order=6)",
      "torrent": "'http://baibako.tv/%s' % item(tag='a', attribute='href', order=3)"
    },
    "private": true,
    "root_url": "http://baibako.tv/",
    "season_extra": "",
    "season_extra2": "",
    "season_keywords": "{title:original} %2Fs{season:2}e01-",
    "season_keywords2": "{title:original} S{season:2}",
    "season_query": "",
    "separator": "+",
    "show_query": "",
    "subpage": false,
    "tv_extra": "",
    "tv_extra2": "",
    "tv_keywords": "{title:original} %2Fs{season:2}e01-",
    "tv_keywords2": "{title:original} %2Fs{season:2}e{episode:2}"
  },
  "bluebird": {
    "anime_extra": "",
    "anime_keywords": "{title}",
    "anime_query": "",
    "base_url": "https://bluebird-hd.org/browse.php?webdl=0&3d=0&search=&incldead=0&dsearch=QUERYEXTRA&stype=and&sort=7&type=desc",
    "charset": "windows-1251",
    "color": "DD1111AA",
    "general_extra": "",
    "general_keywords": "{title:original}",
    "general_query": "",
    "language": null,
    "login_failed": "Ошибка входа",
    "login_object": "{'username': USERNAME, 'password': PASSWORD}",
    "login_path": "/takelogin.php",
    "movie_extra": "",
    "movie_keywords": "{title:original} ({year})",
    "movie_query": "&c1=1&c2=1&c3=1",
    "name": "BlueBird",
    "parser": {
      "infohash": "",
      "name": "item('a', order=3)",
      "peers": "item(tag='td', order=8)",
      "row": "find_once('tbody', ('id', 'highlighted'), order=1).find_all('tr', start=1)",
      "seeds": "item(tag='td', order=7)",
      "size": "item('td', order=9)",
      "torrent": "'https://bluebird-hd.org/%s' % item(tag='a', attribute='href', order=3).replace('details.php', 'download.php')"
    },
    "private": true,
    "root_url": "https://bluebird-hd.org/",
    "season_extra": "",
    "season_extra2": "",
    "season_keywords": "{title:original} [Season {season}]",
    "season_keywords2": "{title:original} [Сезон {season}]",
    "season_query": "&c6=1",
    "separator": "+",
    "show_query": "",
    "subpage": false,
    "tv_extra": "",
    "tv_extra2": "",
    "tv_keywords": "{title:original} s{season:2}e{episode:2}",
    "tv_keywords2": "{title:original} Сезон {season}"
  },
  "casstudio": {
    "anime_extra": "",
    "anime_keywords": "",
    "anime_query": "",
    "base_url": "https://casstudio.tv/search.php?tracker_search=tracker&keywords=QUERYEXTRA&terms=all&author=&sc=1&sf=titleonly&sr=topics&sk=t&sd=d&st=0&ch=0&t=0&submit=%D0%9F%D0%BE%D0%B8%D1%81%D0%BA",
    "color": "FFFFFFFF",
    "general_extra": "",
    "general_keywords": "{title:original}",
    "general_query": "",
    "language": null,
    "login_failed": "Регистрация",
    "login_object": "{'username': USERNAME, 'password': PASSWORD, 'autologin': 'on', 'login': '%D0%92%D1%85%D0%BE%D0%B4', 'redirect': 'index.php'}",
    "login_path": "/ucp.php?mode=login",
    "movie_extra": "",
    "movie_keywords": "",
    "movie_query": "",
    "name": "CasStudio",
    "parser": {
      "infohash": "",
      "name": "item(tag='a', select=('class','topictitle'), order=1)",
      "peers": "item(tag='span', select=('class', 'leech'))",
      "row": "find_once('table', ('class', 'cat'), order=1).find_all('tr')",
      "seeds": "item(tag='span', select=('class', 'seed'))",
      "size": "item(tag='b', order=2)",
      "torrent": "'https://casstudio.tv%s' % item(tag='a', attribute='href', order=1)[1:]"
    },
    "private": true,
    "root_url": "https://casstudio.tv",
    "season_extra": "",
    "season_extra2": "",
    "season_keywords": "{title:original} Сезон: {season}",
    "season_keywords2": "",
    "season_query": "",
    "separator": "+",
    "show_query": "",
    "subpage": false,
    "tv_extra": "",
    "tv_extra2": "",
    "tv_keywords": "{title:original} Сезон: {season}",
    "tv_keywords2": "{title:original} ({year}) S{season:2}"
  },
  "kinozal": {
    "anime_extra": "",
    "anime_keywords": "{title:ru} {episode}",
    "anime_query": "",
    "base_url": "https://kinozal.guru/browse.php?s=QUERYEXTRA&g=0&c=0&v=0&d=0&w=0&t=1&f=0",
    "charset": "windows-1251",
    "color": "FFFFFFFF",
    "general_extra": "",
    "general_keywords": "{title:ru}",
    "general_query": "",
    "language": null,
    "login_failed": "Проверьте раскладку клавиатуры",
    "login_object": "{'username': USERNAME, 'password': PASSWORD, 'to': '', 'wact': 'takerecover', 'touser': '1'}",
    "login_path": "/takelogin.php",
    "movie_extra": "",
    "movie_keywords": "{title:ru} {year}",
    "movie_query": "",
    "name": "Kinozal",
    "parser": {
      "infohash": "",
      "name": "item('a', order=1)",
      "peers": "item(tag='td', order=5)",
      "row": "find_once('table', ('class', 't_peer'), order=1).find_all('tr', start=2)",
      "seeds": "item(tag='td', order=4)",
      "size": "item(tag='td', order=3)",
      "torrent": "'https://kinozal.guru/get_srv_details.php?action=2&%s' % item(tag='a', attribute='href', order=1).split('?', 1)[1]"
    },
    "private": true,
    "root_url": "https://kinozal.guru",
    "season_extra": "",
    "season_extra2": "",
    "season_keywords": "{title:ru} {season}+Сезон",
    "season_keywords2": "",
    "season_query": "",
    "separator": "+",
    "show_query": "",
    "subpage": true,
    "tv_extra": "",
    "tv_extra2": "",
    "tv_keywords": "{title:ru} s{season:2}e{episode:2}",
    "tv_keywords2": "{title:ru} {season}+Сезон"
  },
  "lostfilm": {
    "anime_extra": "",
    "anime_keywords": "",
    "anime_query": "",
    "base_url": "http://www.lostfilm.tv/series/QUERY/",
    "color": "FF5CB9FF",
    "general_extra": "",
    "general_keywords": "{title:original}/seasons",
    "general_query": "",
    "language": "ru",
    "login_failed": " ",
    "login_object": "{\"rem\": \"1\", \"mail\": USERNAME, \"pass\": PASSWORD, \"type\": \"login\", \"act\": \"users\"}",
    "login_path": "/ajaxik.php",
    "movie_extra": "",
    "movie_keywords": "",
    "movie_query": "",
    "name": "LostFilm",
    "parser": {
      "infohash": "",
      "name": "item(tag='div', select=('class', 'main'), order=1).replace('\\n', ' ')",
      "peers": "0",
      "row": "find_once('div', ('class', 'inner-box--list'), order=1).find_all('div', ('class', 'inner-box--item'), start=1)",
      "seeds": "1",
      "size": "re.search('(\\d+\\.\\d+ ..)', item(tag='div', select=('class', 'inner-box--desc'), order=1)).group(1)",
      "torrent": "'%s' % (item(tag='a', attribute='href', order=2))"
    },
    "private": true,
    "root_url": "http://www.lostfilm.tv",
    "season_extra": "",
    "season_extra2": "",
    "season_keywords": "{title:original}/season_{season}",
    "season_keywords2": "",
    "season_query": "",
    "separator": "_",
    "show_query": "",
    "subpage": false,
    "tv_extra": "",
    "tv_extra2": "",
    "tv_keywords": "{title:original}/season_{season}/episode_{episode}",
    "tv_keywords2": ""
  },
  "megapeer": {
    "anime_extra": "",
    "anime_keywords": "{title:ru}",
    "anime_query": "",
    "base_url": "http://megapeer.ru/browse.php?search=QUERYEXTRA&age=&cat=0&stype=0&sort=0&ascdesc=0",
    "charset": "windows-1251",
    "color": "FFFFFFFF",
    "general_extra": "",
    "general_keywords": "{title:original}",
    "general_query": "",
    "language": null,
    "login_failed": "",
    "login_object": "",
    "login_path": null,
    "movie_extra": "",
    "movie_keywords": "{title:original} {year}",
    "movie_query": "",
    "name": "MegaPeer",
    "parser": {
      "infohash": "",
      "name": "item(tag='div', select=('class', 't-title'), order=1)",
      "peers": "",
      "row": "find_once('table', ('id', 'tor-tbl'), order=1).find_all('tr')",
      "seeds": "item(tag='span', select=('class', 'seedmed'), order=1)",
      "size": "item(tag='a', select=('class', 'tr-dl'), order=1)",
      "torrent": "'http://megapeer.ru/%s' % item(tag='a', select=('class', 'tr-dl'), attribute='href', order=1)"
    },
    "private": false,
    "root_url": "http://megapeer.ru",
    "season_extra": "",
    "season_extra2": "",
    "season_keywords": "{title:original} {season} сезон",
    "season_keywords2": "{title:original} S{season:2}",
    "season_query": "",
    "separator": "+",
    "show_query": "",
    "subpage": false,
    "tv_extra": "",
    "tv_extra2": "",
    "tv_keywords": "{title} s{season:2}e{episode:2}",
    "tv_keywords2": "{title} {season} Сезон"
  },
  "newstudio": {
    "anime_extra": "",
    "anime_keywords": "{title} {episode}",
    "anime_query": "",
    "base_url": "http://newstudio.tv/tracker.php?nm=QUERYEXTRA&prev_sd=1&prev_a=1&prev_my=0&prev_n=0&prev_shc=1&prev_shf=0&prev_sha=0&prev_shs=1&prev_shr=0&prev_sht=0&o=10&s=2&tm=-1&a=1&sd=1&ds=1&ta=-1&sns=-1&sds=-1&pn&submit=1",
    "color": "FFFFFFFF",
    "general_extra": "",
    "general_keywords": "{title}",
    "general_query": "",
    "language": null,
    "login_failed": "Ошибка",
    "login_object": "{'login_username': USERNAME, 'login_password': PASSWORD, 'autologin': '1', 'login': '1'}",
    "login_path": "/login.php",
    "movie_extra": "",
    "movie_keywords": "",
    "movie_query": "",
    "name": "NewStudio",
    "parser": {
      "infohash": "",
      "name": "item('a', order=2)",
      "peers": "",
      "row": "find_once('table', ('class', 'well-small'), order=1).find_all('tr', start=2)",
      "seeds": "1",
      "size": "item('a', order=3)",
      "torrent": "'http://newstudio.tv%s' % item(tag='a', attribute='href', order=4)"
    },
    "private": true,
    "root_url": "http://newstudio.tv",
    "season_extra": "",
    "season_extra2": "",
    "season_keywords": "\"{title:original}\" \"Сезон {season}\"",
    "season_keywords2": "",
    "season_query": "",
    "separator": "+",
    "show_query": "",
    "subpage": false,
    "tv_extra": "",
    "tv_extra2": "",
    "tv_keywords": "\"(Сезон {season}, Серия {episode}) / {title:original}\"",
    "tv_keywords2": ""
  },
  "nnmclub": {
    "anime_extra": "",
    "anime_keywords": "{title:ru}",
    "anime_query": "",
    "base_url": "http://nnmclub.to/forum/tracker.php?nm=QUERYEXTRA&f%5B%5D=-1&prev_sd=1&prev_a=1&prev_my=0&prev_n=0&prev_shc=1&prev_shf=0&prev_sha=0&prev_shs=1&prev_shr=0&prev_sht=0&o=10&s=2&tm=-1&a=1&sd=1&ta=-1&sns=-1&sds=-1&pn&submit=1",
    "color": "FFFFFFFF",
    "general_extra": "",
    "general_keywords": "{title}",
    "general_query": "",
    "language": null,
    "login_failed": "Вы ввели",
    "login_object": "{'username': USERNAME, 'password': PASSWORD, 'autologin': '1', 'login': 'Вход'}",
    "login_path": "/forum/login.php",
    "movie_extra": "",
    "movie_keywords": "{title} {year}",
    "movie_query": "",
    "name": "NNM-Club",
    "opennic_dns_alias": "http://nnm-club.lib",
    "parser": {
      "infohash": "",
      "name": "item('a', order=1)",
      "peers": "item(tag='td', order=7)",
      "row": "find_once('table', ('class', 'tablesorter'), order=1).find_all('tr', ('class', ['prow1', 'prow2']))",
      "seeds": "item(tag='td', order=6)",
      "size": "item(tag='td', order=4).split(' ', 1)[1]",
      "torrent": "'http://nnmclub.to/forum/%s' % item(tag='a', attribute='href', order=2)"
    },
    "private": true,
    "root_url": "http://nnmclub.to",
    "season_extra": "",
    "season_extra2": "",
    "season_keywords": "{title} \"Сезон {season}\"",
    "season_keywords2": "{title} S{season:2}",
    "season_query": "",
    "separator": "+",
    "show_query": "",
    "subpage": false,
    "tv_extra": "",
    "tv_extra2": "",
    "tv_keywords": "{title} s{season:2}e{episode:2}",
    "tv_keywords2": "{title} \"Сезон {season}\""
  },
  "rustorka": {
    "anime_extra": "",
    "anime_keywords": "{title:ru}",
    "anime_query": "&f%5B%5D=1883&f%5B%5D=1882&f%5B%5D=1881&f%5B%5D=1880&f%5B%5D=1889&f%5B%5D=1888&f%5B%5D=1887&f%5B%5D=1886&f%5B%5D=1885&f%5B%5D=1893&f%5B%5D=1892&f%5B%5D=1891&f%5B%5D=653&f%5B%5D=314",
    "base_url": "http://rustorka.com/forum/tracker.php?nm=QUERYEXTRA&o=1&s=2&tm=-1&sns=-1&a=0&sd=0&pn=&allw=1&submit=%A0%A0%CF%EE%E8%F1%EA%A0%A0",
    "charset": "windows-1251",
    "color": "FF5CB9FF",
    "general_extra": "",
    "general_keywords": "{title}",
    "general_query": "",
    "language": null,
    "login_failed": "Вы ввели",
    "login_object": "{'login_username': USERNAME, 'login_password': PASSWORD, 'autologin': '1', 'login': 'Вход'}",
    "login_path": "/forum/login.php",
    "movie_extra": "",
    "movie_keywords": "{title} {year}",
    "movie_query": "&&f%5B%5D=-1&f%5B%5D=1411&f%5B%5D=1410&f%5B%5D=1408&f%5B%5D=1407&f%5B%5D=1406&f%5B%5D=1974&f%5B%5D=1405&f%5B%5D=1403&f%5B%5D=1817&f%5B%5D=1402&f%5B%5D=1786&f%5B%5D=1982&f%5B%5D=1826&f%5B%5D=1983&f%5B%5D=1133&f%5B%5D=1132&f%5B%5D=1131&f%5B%5D=1130&f%5B%5D=1129&f%5B%5D=1128&f%5B%5D=1127&f%5B%5D=1126&f%5B%5D=1125&f%5B%5D=1124&f%5B%5D=1123&f%5B%5D=1122&f%5B%5D=1121&f%5B%5D=1120&f%5B%5D=1118&f%5B%5D=1117&f%5B%5D=1976&f%5B%5D=1809&f%5B%5D=1822&f%5B%5D=597&f%5B%5D=596&f%5B%5D=595&f%5B%5D=594&f%5B%5D=593&f%5B%5D=592&f%5B%5D=591&f%5B%5D=590&f%5B%5D=589&f%5B%5D=588&f%5B%5D=587&f%5B%5D=586&f%5B%5D=585&f%5B%5D=584&f%5B%5D=582&f%5B%5D=581&f%5B%5D=1978&f%5B%5D=20&f%5B%5D=21&f%5B%5D=22&f%5B%5D=23&f%5B%5D=24&f%5B%5D=25&f%5B%5D=26&f%5B%5D=27&f%5B%5D=29&f%5B%5D=30&f%5B%5D=31&f%5B%5D=32&f%5B%5D=33&f%5B%5D=1397&f%5B%5D=36&f%5B%5D=790&f%5B%5D=37&f%5B%5D=1977&f%5B%5D=616&f%5B%5D=614&f%5B%5D=613&f%5B%5D=612&f%5B%5D=611&f%5B%5D=610&f%5B%5D=609&f%5B%5D=608&f%5B%5D=607&f%5B%5D=606&f%5B%5D=605&f%5B%5D=604&f%5B%5D=603&f%5B%5D=602&f%5B%5D=600&f%5B%5D=599&f%5B%5D=1979&f%5B%5D=48&f%5B%5D=854&f%5B%5D=50&f%5B%5D=49&f%5B%5D=1980&f%5B%5D=1831&f%5B%5D=1830&f%5B%5D=1829&f%5B%5D=1828&f%5B%5D=1827&f%5B%5D=1825&f%5B%5D=1958&f%5B%5D=1943&f%5B%5D=1942&f%5B%5D=1941&f%5B%5D=1940&f%5B%5D=1939&f%5B%5D=1938&f%5B%5D=1937&f%5B%5D=1936&f%5B%5D=1935&f%5B%5D=1934&f%5B%5D=1933&f%5B%5D=1932&f%5B%5D=1931&f%5B%5D=1930",
    "name": "Rustorka",
    "opennic_dns_alias": "http://rustorka.lib",
    "parser": {
      "infohash": "",
      "name": "item(tag='a', select=('class', 'genmed'), order=1)",
      "peers": "item(tag='td', select=('class', 'leechmed'), order=1)",
      "row": "find_once('table', ('class', 'forumline'), order=1).find_all('tr', start=2)",
      "seeds": "item(tag='td', select=('class', 'seedmed'), order=1)",
      "size": "item(tag='td', select=('class', 'small'), order=1, divider=(' ', 2))",
      "torrent": "'http://rustorka.com/forum/%s' % item(tag='a', select=('class', 'dLink'), attribute='href', order=1)"
    },
    "private": true,
    "root_url": "http://rustorka.com",
    "season_extra": "",
    "season_extra2": "",
    "season_keywords": "\"{title}\" \"{season} Сезон\"",
    "season_keywords2": "{title} Сезон {season}",
    "season_query": "&f%5B%5D=-1&f%5B%5D=1959&f%5B%5D=1867&f%5B%5D=1866&f%5B%5D=1865&f%5B%5D=1864&f%5B%5D=1863&f%5B%5D=1861&f%5B%5D=1860&f%5B%5D=1859&f%5B%5D=1858&f%5B%5D=1857&f%5B%5D=1856&f%5B%5D=1854&f%5B%5D=1853&f%5B%5D=1852&f%5B%5D=1851&f%5B%5D=1850&f%5B%5D=1849&f%5B%5D=1847&f%5B%5D=1846&f%5B%5D=1845&f%5B%5D=1844&f%5B%5D=1843&f%5B%5D=1842&f%5B%5D=1877&f%5B%5D=1876&f%5B%5D=1875&f%5B%5D=1874&f%5B%5D=1873&f%5B%5D=1872",
    "separator": "+",
    "show_query": "&f%5B%5D=-1&f%5B%5D=1959&f%5B%5D=1867&f%5B%5D=1866&f%5B%5D=1865&f%5B%5D=1864&f%5B%5D=1863&f%5B%5D=1861&f%5B%5D=1860&f%5B%5D=1859&f%5B%5D=1858&f%5B%5D=1857&f%5B%5D=1856&f%5B%5D=1854&f%5B%5D=1853&f%5B%5D=1852&f%5B%5D=1851&f%5B%5D=1850&f%5B%5D=1849&f%5B%5D=1847&f%5B%5D=1846&f%5B%5D=1845&f%5B%5D=1844&f%5B%5D=1843&f%5B%5D=1842&f%5B%5D=1877&f%5B%5D=1876&f%5B%5D=1875&f%5B%5D=1874&f%5B%5D=1873&f%5B%5D=1872",
    "subpage": false,
    "tv_extra": "",
    "tv_extra2": "",
    "tv_keywords": "{title} \"{season} Сезон\"",
    "tv_keywords2": "{title} \"Сезон {season}\""
  },
  "rutor": {
    "anime_extra": "",
    "anime_keywords": "{title}",
    "anime_query": "0/10/300/2/QUERYEXTRA",
    "base_url": "http://rutor.info/search/",
    "charset": "utf-8",
    "color": "FFFFDE00",
    "general_extra": "",
    "general_keywords": "{title}",
    "general_query": "QUERYEXTRA",
    "language": "ru",
    "login_failed": "",
    "login_object": "",
    "login_path": null,
    "movie_extra": "",
    "movie_keywords": "{title} {year}",
    "movie_query": "0/0/300/2/QUERYEXTRA",
    "name": "Rutor",
    "opennic_dns_alias": "http://rutor.lib",
    "parser": {
      "infohash": "",
      "name": "item(tag='td', order=2)",
      "peers": "item(tag='span', order=1, select=('class' , 'red'))",
      "row": "find_once('table', order=3).find_all('tr', start=2)",
      "seeds": "item(tag='span', order=1, select=('class', 'green'))",
      "size": "item.find_all('td', ('align', 'right'))[-1].text()",
      "torrent": "'http://rutor.info%s' % (item(tag='a', order=1, attribute='href').split('.info', 1)[-1])"
    },
    "private": false,
    "season_extra": "",
    "season_extra2": "",
    "season_keywords": "{title} {season:2}x01|S{season:2}",
    "season_keywords2": "",
    "season_query": "0/0/300/2/QUERYEXTRA",
    "separator": "%20",
    "show_query": "0/0/300/2/QUERYEXTRA",
    "subpage": null,
    "tv_extra": "",
    "tv_extra2": "",
    "tv_keywords": "{title} s{season:2}e{episode:2}",
    "tv_keywords2": "{title} {season:2}x01|S{season:2}"
  },
  "rutracker": {
    "anime_extra": "",
    "anime_keywords": "{title}",
    "anime_query": "",
    "base_url": "http://rutracker.org/forum/tracker.php?nm=QUERYEXTRA&prev_new=0&prev_oop=1&f[]=-1&o=10&s=2&oop=1&pn=",
    "charset": "windows-1251",
    "color": "FFFFFFFF",
    "general_extra": "",
    "general_keywords": "{title}",
    "general_query": "",
    "language": null,
    "login_failed": "Вы ввели неверное",
    "login_object": "{'login_username': USERNAME, 'login_password': PASSWORD, 'login': 'Login'}",
    "login_path": "/forum/login.php",
    "movie_extra": "",
    "movie_keywords": "{title} {year}",
    "movie_query": "",
    "name": "RuTracker",
    "opennic_dns_alias": "http://rutracker.lib",
    "parser": {
      "infohash": "",
      "name": "item('a', order=2)",
      "peers": "item(tag='b', order=2)",
      "row": "find_once('table', ('class', 'forumline'), order=1).find_all('tr', start=2)",
      "seeds": "item(tag='b', order=1, select=('class', 'seedmed'))",
      "size": "item('a', order=4)",
      "torrent": "'http://rutracker.org/forum/%s' % item(tag='a', attribute='href', order=4)"
    },
    "private": true,
    "root_url": "http://rutracker.org",
    "season_extra": "",
    "season_extra2": "",
    "season_keywords": "\"{title}\" \"Сезон {season}\"",
    "season_keywords2": "",
    "season_query": "",
    "separator": "+",
    "show_query": "",
    "subpage": false,
    "tv_extra": "",
    "tv_extra2": "",
    "tv_keywords": "{title} s{season:2}e{episode:2}",
    "tv_keywords2": "{title} \"Сезон {season}\""
  },
  "tfile": {
    "anime_extra": "",
    "anime_keywords": "{title}",
    "anime_query": "",
    "base_url": "http://tfile-search.cc/?q=QUERYEXTRA&c=0&g=&act=&y=&ql=&a=&d=&o=&size_min=0&size_max=0",
    "charset": "windows-1251",
    "color": "FFFFFFFF",
    "general_extra": "",
    "general_keywords": "{title}",
    "general_query": "",
    "language": null,
    "login_failed": "",
    "login_object": "",
    "login_path": null,
    "movie_extra": "",
    "movie_keywords": "{title:original} {year}",
    "movie_query": "",
    "name": "tfile.me",
    "parser": {
      "infohash": "",
      "name": "item(tag='td', order=3)",
      "peers": "item(tag='td', order=6)",
      "row": "find_once('table', ('id', 'topics'), order=1).find_all('tr', start=2)",
      "seeds": "item(tag='td', order=5)",
      "size": "item(tag='td', order=4)",
      "torrent": "'http://tfile-home.org/forum/viewtopic.php?t=%s' % item(attribute='id')[1:]"
    },
    "private": false,
    "root_url": "http://tfile-home.org/",
    "season_extra": "",
    "season_extra2": "",
    "season_keywords": "{title:original} Сезон {season}",
    "season_keywords2": "{title:original} S{season:2}",
    "season_query": "",
    "separator": "+",
    "show_query": "",
    "subpage": true,
    "tv_extra": "",
    "tv_extra2": "",
    "tv_keywords": "{title:original} s{season:2}e{episode:2}",
    "tv_keywords2": "{title:original} Сезон {season}"
  },
  "torrent3dru": {
    "anime_extra": "",
    "anime_keywords": "{title}",
    "anime_query": "",
    "base_url": "http://torrent3d.ru/browse.php?search=QUERYEXTRA&x=0&y=0",
    "color": "FFFFFFFF",
    "general_extra": "",
    "general_keywords": "{title}",
    "general_query": "",
    "language": null,
    "login_failed": "Регистрация",
    "login_object": "{'email': USERNAME, 'password': PASSWORD}",
    "login_path": "/takelogin.php",
    "movie_extra": "",
    "movie_keywords": "{title} {year}",
    "movie_query": "",
    "name": "torrent3d.ru",
    "parser": {
      "infohash": "",
      "name": "item(tag='a', order=2)",
      "peers": "item(tag='td', order=5, divider=('|', 1))",
      "row": "find_once('div', ('id', 'releases-table'), order=1).find_all('tr', start=3)",
      "seeds": "item(tag='td', order=5, divider=('|', 0))",
      "size": "item(tag='td', order=4)",
      "torrent": "'%s&ok' % item(tag='a', attribute='href', order=1).split('&', 1)[0]"
    },
    "private": true,
    "root_url": "http://torrent3d.ru/",
    "season_extra": "",
    "season_extra2": "",
    "season_keywords": "",
    "season_keywords2": "",
    "season_query": "",
    "separator": "+",
    "show_query": "",
    "subpage": false,
    "tv_extra": "",
    "tv_extra2": "",
    "tv_keywords": "",
    "tv_keywords2": ""
  }
}
